{
  "threshold": 0.35,
  "tp": 79,
  "fp": 9,
  "tn": 1891,
  "fn": 21,
  "precision": 0.8977272727272727,
  "recall": 0.79,
  "f1": 0.8404255319148937,
  "cost": 219.0
}